{
  "eye": {
    "orientation": [
      -0.4195863604545593,
      0.039418693631887436,
      -0.4884141683578491,
      0.7640975713729858
    ],
    "magnitude": 0.5773502588272095,
    "position": [
      93.72941589355469,
      121.34225463867188,
      128.4168701171875
    ]
  },
  "paths": [],
  "ortho": false,
  "radius": 100,
  "visualHints": 3
}